Date,Year,Reporter,Email,Location,Description,Longitude,Latitude,Count
"2025-04-07T16:32:37.991Z","2022","Elizabeth Martin","elizabeth.martin664@yahoo.com","201 W. 5th Street","Bus Station & Down Town","-80.317099","36.077955","25"
"2025-04-07T16:32:38.006Z","2022","Sandra Thomas","sandra.thomas194@hotmail.com","5039 University Street","Hanes Mill area","-80.299646","36.062264","12"
"2025-04-07T16:32:38.006Z","2023","Susan Johnson","susan.johnson141@gmail.com","2700 Peter Creek Parkway","Brewer Rd @ Peters Creek Parkway behind the BP Station","-80.310913","36.103250","2"
"2025-04-07T16:32:38.007Z","2024","Sarah Martin","sarah.martin869@yahoo.com","3475 PKWY Village Ct.","Walmart on Peters Creek","-80.235455","36.121417","24"
"2025-04-07T16:32:38.007Z","2024","Susan Taylor","susan.taylor538@yahoo.com","2672 Peter Creek Pkwy","Car at Planet Fitness on Peters Creek","-80.333326","36.096927","1"
"2025-04-07T16:32:38.008Z","2021","Patricia Moore","patricia.moore892@yahoo.com","513 Jonestown Road","Waffle House Jonestown","-80.210258","36.042073","14"
"2025-04-07T16:32:38.008Z","2023","Mary Thomas","mary.thomas677@outlook.com","495 Liberty Street","Downtown","-80.209439","36.156530","7"
"2025-04-07T16:32:38.009Z","2020","Michael Jones","michael.jones121@yahoo.com","1208 25th Street","25th & Cleveland","-80.310389","36.129720","5"
"2025-04-07T16:32:38.010Z","2020","Linda White","linda.white743@outlook.com","800 E. Hanes Mill Road","Hanes Mill","-80.241016","36.122129","5"
"2025-04-07T16:32:38.010Z","2022","Margaret Williams","margaret.williams846@gmail.com","320 E. Hanes Mill Road","Hanes Mill Area","-80.303719","36.081548","23"
"2025-04-07T16:32:38.011Z","2023","Mary Martin","mary.martin156@yahoo.com","725 N. Cherry Street","Cherry St near Fire Station","-80.281816","36.046973","18"
"2025-04-07T16:32:38.012Z","2024","Betty Martinez","betty.martinez49@aol.com","201 W. 4th Street","Downtown","-80.217300","36.099142","17"
"2025-04-07T16:32:38.012Z","2025","Margaret Johnson","margaret.johnson14@hotmail.com","1715 Brewer Road","Brewer Rd","-80.287116","36.111905","5"
"2025-04-07T16:32:38.013Z","2021","Lisa Anderson","lisa.anderson250@aol.com","699 Research Pkwy","Bridge on 7th St","-80.329513","36.075032","10"
"2025-04-07T16:32:38.014Z","2023","Jessica Jackson","jessica.jackson427@gmail.com","104 W. 4th Street","4th St","-80.264644","36.127931","24"
"2025-04-07T16:32:38.015Z","2020","James White","james.white893@aol.com","3475 Parkway Village Ct.","Car Walmart Peters Creek","-80.268308","36.107835","5"
"2025-04-07T16:32:38.016Z","2020","Susan Thompson","susan.thompson591@outlook.com","320 E. Hanes Mill Road","Hanes Mill Rd","-80.323396","36.048228","20"
"2025-04-07T16:32:38.017Z","2025","John Williams","john.williams772@aol.com","3775 Oxford Station Way","behind Hobby Lobby","-80.292932","36.032291","17"
"2025-04-07T16:32:38.018Z","2023","Jessica Moore","jessica.moore189@aol.com","3925 Oxford Station Way","Spot beside the Conns","-80.248430","36.143709","15"
"2025-04-07T16:32:38.018Z","2023","Robert Taylor","robert.taylor58@aol.com","951 N. Liberty Street","Abandonded building on 25th","-80.317149","36.158347","15"
"2025-04-07T16:32:38.019Z","2021","Sarah Harris","sarah.harris541@hotmail.com","400 Hanes Mill Road","Hanes Mill area and Near Bethesda","-80.227873","36.033873","16"
"2025-04-07T16:32:38.019Z","2021","Nancy Martin","nancy.martin719@gmail.com","5995 University Pkwy","Behind Wells Fargo on University","-80.332333","36.120588","21"
"2025-04-07T16:32:38.020Z","2020","Patricia Martinez","patricia.martinez282@yahoo.com","502 N. Broad Street","Car in CwD lot","-80.231223","36.116662","7"
"2025-04-07T16:32:38.020Z","2024","David Miller","david.miller892@hotmail.com","100 Hanes Square Shop Circle","Hanes Mall Blvd","-80.304112","36.076021","15"
"2025-04-07T16:32:38.021Z","2024","Sarah Rodriguez","sarah.rodriguez595@gmail.com","2859 Reynolda Road","Mama Zoe's bench","-80.259583","36.124370","2"
"2025-04-07T16:32:38.021Z","2023","Robert Garcia","robert.garcia349@aol.com","3925 Oxford Station Way","Hanes Mall Blvd by Conns","-80.333272","36.116384","2"
"2025-04-07T16:32:38.022Z","2022","Sandra Anderson","sandra.anderson235@yahoo.com","800 E. Hanes Mill Road","Hanes Mill","-80.253526","36.159745","9"
"2025-04-07T16:32:38.022Z","2022","Robert Rodriguez","robert.rodriguez376@hotmail.com","800 E. Hanes Mill Road","Hanes Mill area","-80.324193","36.068011","10"
"2025-04-07T16:32:38.023Z","2021","Linda Garcia","linda.garcia448@hotmail.com","800 E. Hanes Mill Road","Hanes Mill area","-80.279069","36.152969","18"
"2025-04-07T16:32:38.023Z","2025","Betty Smith","betty.smith930@outlook.com","2985 Fairlawn Drive","Farilawn - Silas Creek","-80.252522","36.133703","13"
"2025-04-07T16:32:38.023Z","2020","Sandra Anderson","sandra.anderson11@aol.com","300 E. Hanes Mill Road","beside Crafty Crab","-80.195193","36.116629","11"
"2025-04-07T16:32:38.024Z","2022","Jennifer Moore","jennifer.moore861@gmail.com","284 Summit Square Blvd","Sams Club off University","-80.241563","36.111571","22"
"2025-04-07T16:32:38.024Z","2025","Jessica Taylor","jessica.taylor852@outlook.com","800 E. Hanes Mill Road","University Pkway behind K&W","-80.284152","36.112315","8"
"2025-04-07T16:32:38.024Z","2022","Jessica Wilson","jessica.wilson292@hotmail.com","414 Northwest Blvd","Tressel near Samaritan","-80.231104","36.040032","7"
"2025-04-07T16:32:38.025Z","2021","Karen Thomas","karen.thomas412@aol.com","2491 Konnoak Drive","Konnoak Dr @ Flow","-80.222814","36.143626","2"
"2025-04-07T16:32:38.025Z","2022","Jessica Martin","jessica.martin680@outlook.com","701 N.Lliberty Street","7th St bus stop","-80.199462","36.032007","25"
"2025-04-07T16:32:38.025Z","2023","William Taylor","william.taylor572@aol.com","2985 Fairlawn Drive","Car at Fairlawn Sheetz","-80.235925","36.062614","22"
"2025-04-07T16:32:38.025Z","2023","John Wilson","john.wilson474@yahoo.com","450 N. Spring Street","4 1/2 St near Centenary","-80.321849","36.034527","10"
"2025-04-07T16:32:38.026Z","2020","Karen Martin","karen.martin747@hotmail.com","937 West Street","Granville Park","-80.231592","36.041449","17"
"2025-04-07T16:32:38.026Z","2020","Betty Wilson","betty.wilson64@outlook.com","930 North Patterson Ave","Bushes across from Bethesta","-80.339281","36.094036","3"
"2025-04-07T16:32:38.026Z","2020","Betty Thomas","betty.thomas775@yahoo.com","201 N. 5th Street","Near Downtown Bus Station","-80.214655","36.154750","17"
"2025-04-07T16:32:38.027Z","2021","Elizabeth Garcia","elizabeth.garcia282@yahoo.com","200 10th Street","Sleeping outside Crisis Control","-80.209844","36.114435","12"
"2025-04-07T16:32:38.027Z","2024","John Wilson","john.wilson607@outlook.com","3182 Peter Creek Pkwy","Peters Creek near Wendys","-80.236902","36.127655","10"
"2025-04-07T16:32:38.027Z","2025","Sarah Wilson","sarah.wilson945@yahoo.com","5005 Ohio Ave","Car off Ohio Rd","-80.331362","36.155879","9"
"2025-04-07T16:32:38.028Z","2021","William Smith","william.smith242@hotmail.com","605 Effrid Street","Car on Effrid & 24th st","-80.270209","36.095874","8"
"2025-04-07T16:32:38.028Z","2025","Margaret Brown","margaret.brown133@outlook.com","385 W. Hanes Mill Road","YMCA on Hanes Mill","-80.313179","36.141120","15"
"2025-04-07T16:32:38.028Z","2021","Michael Martinez","michael.martinez862@hotmail.com","201 W. 5th Street","Bus Station","-80.234157","36.148063","12"
"2025-04-07T16:32:38.028Z","2021","Susan Garcia","susan.garcia92@aol.com","2575 Parlway Drive","St. Tims","-80.218211","36.056020","4"
"2025-04-07T16:32:38.029Z","2025","Mary White","mary.white927@hotmail.com","203 Cemetery Street","Cemetery St","-80.320855","36.150939","13"
"2025-04-07T16:32:38.029Z","2022","Lisa Anderson","lisa.anderson251@gmail.com","3415 Glenn Ave","Car on Glen","-80.264525","36.057976","20"
"2025-04-07T16:32:38.029Z","2022","Susan Garcia","susan.garcia817@hotmail.com","5505 Becks Church Road","railroad tracks off Becks Church Rd that runs behind Hanes and the Landfill","-80.215322","36.111148","15"
"2025-04-07T16:32:38.030Z","2023","Margaret Anderson","margaret.anderson575@hotmail.com","1490 S. Broad Street","Washington Park","-80.237943","36.055777","8"
"2025-04-07T16:32:38.030Z","2021","Robert Martinez","robert.martinez655@aol.com","482 E. Hanes Mil Road","Tent off Hanes Mill Road","-80.296560","36.038016","3"
"2025-04-07T16:32:38.030Z","2025","Karen White","karen.white535@hotmail.com","625 W. 6th Street","Tent behind Crystal Towers","-80.327252","36.039909","20"
"2025-04-07T16:32:38.030Z","2022","Karen Brown","karen.brown500@yahoo.com","4170 Patterson Ave","Patterson St at Germantown road","-80.196498","36.050960","15"
"2025-04-07T16:32:38.032Z","2025","Margaret Garcia","margaret.garcia748@yahoo.com","1818 N. Peace Haven Road","Peace Haven / Robinhood area","-80.293177","36.155282","2"
"2025-04-07T16:32:38.032Z","2021","Mary Anderson","mary.anderson364@yahoo.com","502 N. Broad Street","Around CwD area","-80.315170","36.045026","20"
"2025-04-07T16:32:38.033Z","2022","Mary Jones","mary.jones311@gmail.com","625 W. 6th Street","Abandoned house behind Crystal Towers","-80.305389","36.096548","13"
"2025-04-07T16:32:38.033Z","2022","Susan Martinez","susan.martinez588@yahoo.com","3459 Thomasville Road","Abandoned building off 109","-80.238300","36.107633","25"
"2025-04-07T16:32:38.033Z","2025","Patricia Miller","patricia.miller994@hotmail.com","502 N. Broad Street","Broad Street- CWD property","-80.305360","36.044320","20"
"2025-04-07T16:32:38.034Z","2022","Karen Harris","karen.harris27@aol.com","1625 3rd Street","New Walkertown Rd & University","-80.191270","36.136890","16"
"2025-04-07T16:32:38.035Z","2024","Nancy Rodriguez","nancy.rodriguez289@hotmail.com","1955 Peace Haven Road","Harris Teeter on Peace Haven","-80.253223","36.089978","4"
"2025-04-07T16:32:38.037Z","2020","Sandra Rodriguez","sandra.rodriguez61@outlook.com","7012 Brandemere Road","Car on Brandemere Ln","-80.225406","36.034651","6"
"2025-04-07T16:32:38.040Z","2023","Susan Jones","susan.jones174@gmail.com","1490 S. Broad Street","Washington Park","-80.220071","36.127936","3"
"2025-04-07T16:32:38.041Z","2025","David Anderson","david.anderson281@outlook.com","858 NE 25th Street","off 52 at Liberty St","-80.336993","36.128759","1"
"2025-04-07T16:32:38.042Z","2024","Jessica Jackson","jessica.jackson359@gmail.com","6005 University Pkwy","Hanes Mall area","-80.326601","36.077721","2"
"2025-04-07T16:32:38.042Z","2020","Karen Taylor","karen.taylor598@yahoo.com","200 W. Hanes Mill Road","Hanes Mill","-80.336860","36.157461","19"
"2025-04-07T16:32:38.044Z","2020","Michael Martinez","michael.martinez236@gmail.com","1935 Union Cross Road","Car near Gumtree Rd","-80.307864","36.111789","11"
"2025-04-07T16:32:38.045Z","2023","Jessica White","jessica.white46@gmail.com","2901 Waughtown Street","Waughtown St behind the Speedway","-80.194153","36.074214","20"
"2025-04-07T16:32:38.046Z","2024","Karen Taylor","karen.taylor860@yahoo.com","5918 University Pkwy","Hanes Mill area","-80.235118","36.040216","11"
"2025-04-07T16:32:38.047Z","2025","Linda Jones","linda.jones876@aol.com","3637 Patterson Ave","Patterson Ave beside the DMV","-80.335109","36.121080","15"
"2025-04-07T16:32:38.047Z","2023","Robert Jackson","robert.jackson571@hotmail.com","500 N. Martin Luther King Blvd","Popeyes-MLK Jr","-80.288736","36.044063","9"
"2025-04-07T16:32:38.048Z","2020","Michael Johnson","michael.johnson389@aol.com","1016 Trade Street","Trade St","-80.332712","36.042945","18"
"2025-04-07T16:32:38.048Z","2024","Betty Thompson","betty.thompson692@gmail.com","3188 Peters Creek Pkwy","Car on Peters Creek","-80.219587","36.120533","14"
"2025-04-07T16:32:38.049Z","2024","Jennifer Thompson","jennifer.thompson625@gmail.com","701 N. Liberty Street","Downtown area","-80.263640","36.034262","8"
"2025-04-07T16:32:38.050Z","2021","Sandra Anderson","sandra.anderson137@outlook.com","2163 Bethabara Road","Bethabra Park","-80.270937","36.091524","23"
"2025-04-07T16:32:38.051Z","2022","Nancy Rodriguez","nancy.rodriguez124@yahoo.com","2700 Peters Creek Pkwy","Peters Creek Pkwy near Brewer","-80.275188","36.034042","2"
"2025-04-07T16:32:38.052Z","2023","Sarah Williams","sarah.williams292@aol.com","300 N. Hanes Mill Road","Sams Club off University","-80.199805","36.033376","2"
"2025-04-07T16:32:38.054Z","2020","Sarah Taylor","sarah.taylor538@outlook.com","527 N. Cherry Street","Cherry St","-80.326075","36.133530","12"
"2025-04-07T16:32:38.054Z","2022","David Taylor","david.taylor504@yahoo.com","502 N. Broad Street","Car in CwD lot","-80.244302","36.056576","8"
"2025-04-07T16:32:38.055Z","2022","William Williams","william.williams251@yahoo.com","5211 University Ave","University Pkwy beside Zips Car Wash","-80.308503","36.141447","15"
"2025-04-07T16:32:38.056Z","2024","Linda Wilson","linda.wilson79@aol.com","5420 University","Target on University","-80.280675","36.153799","22"
"2025-04-07T16:32:38.058Z","2023","Patricia Miller","patricia.miller426@hotmail.com","1528 Bruce Street","Downtown area & outside at Skyline Apartments","-80.323912","36.081507","17"
"2025-04-07T16:32:38.059Z","2023","Nancy Thompson","nancy.thompson910@yahoo.com","2527 Pittsburg Ave","the Greenhouse off Pittsborough Ave","-80.322533","36.117242","11"
"2025-04-07T16:32:38.059Z","2025","Lisa Johnson","lisa.johnson680@aol.com","2202 Patterson Ave","abandoned housed and buildings along Patterson and Glenn","-80.207472","36.128498","11"
"2025-04-07T16:32:38.060Z","2023","Mary Martin","mary.martin485@yahoo.com","3350 Robinhood Road","Peace Haven / Robinhood Area","-80.311886","36.071336","11"
"2025-04-07T16:32:38.061Z","2024","Sarah Harris","sarah.harris117@yahoo.com","5918 University Pkwy","Hanes Mill area","-80.297448","36.140769","10"
"2025-04-07T16:32:38.062Z","2020","William White","william.white951@aol.com","361 W. End Blvd","West End area","-80.289443","36.158339","1"
"2025-04-07T16:32:38.063Z","2020","Sandra Johnson","sandra.johnson44@hotmail.com","1404 Northwest Blvd","Hanes Park area","-80.245429","36.117020","10"
"2025-04-07T16:32:38.064Z","2025","Sandra Brown","sandra.brown767@gmail.com","400 Leisure lane","Miller Park","-80.239949","36.086130","4"
"2025-04-07T16:32:38.065Z","2021","David Williams","david.williams981@aol.com","201 N. 5th Street","Somewhere downtown","-80.243048","36.043198","17"
"2025-04-07T16:32:38.066Z","2020","Jennifer Jackson","jennifer.jackson356@yahoo.com","201 N. 5th Street","West End and Downtown","-80.200013","36.103297","23"
"2025-04-07T16:32:38.067Z","2023","Sandra Martin","sandra.martin518@outlook.com","1208 25th Street","camper on Cleveland at 25th St","-80.249054","36.041830","5"
"2025-04-07T16:32:38.068Z","2024","Mary Garcia","mary.garcia119@hotmail.com","2551 Peter Creek Pkwy","Silas Creek & Peters Creek","-80.255137","36.062641","7"
"2025-04-07T16:32:38.069Z","2024","Karen Jones","karen.jones778@outlook.com","4170 Patterson Ave","Patterson @ 52","-80.213597","36.050895","3"
"2025-04-07T16:32:38.070Z","2023","Jennifer Harris","jennifer.harris237@aol.com","930 S. Broad Street","At Green Tree business","-80.261082","36.086224","3"
"2025-04-07T16:32:38.071Z","2021","Jennifer Williams","jennifer.williams971@outlook.com","110S. Cherry Street","Cherry St Bridge over Bus 40","-80.310360","36.102333","23"
"2025-04-07T16:32:38.072Z","2021","Susan Garcia","susan.garcia248@gmail.com","745 Jonestown Road","Van near McKays","-80.213324","36.143331","10"
"2025-04-07T16:32:38.073Z","2024","Sandra Taylor","sandra.taylor315@gmail.com","201 N. 5th Street","Downtown","-80.321561","36.152334","20"
"2025-04-07T16:32:38.074Z","2025","Susan Harris","susan.harris652@outlook.com","284 Summit Square Blvd","Car on Hanes Mill Rd","-80.232886","36.092361","21"
"2025-04-07T16:32:38.075Z","2021","Michael Jones","michael.jones780@outlook.com","203 Cemetery Street","off of Cemetery St","-80.301993","36.070320","19"
"2025-04-07T16:32:38.076Z","2025","Nancy Garcia","nancy.garcia14@aol.com","2551 Peter Creek Pkwy","Silas Creek / Peters Creek area","-80.255760","36.065863","9"
"2025-04-07T16:32:38.077Z","2025","John Miller","john.miller745@aol.com","4200 Patterson Ave","Patterson @ Germanton","-80.336837","36.067745","23"
"2025-04-07T16:32:38.077Z","2025","Lisa Jackson","lisa.jackson581@aol.com","4200 Patterson Ave","Patterson @ Germanton","-80.207088","36.137015","8"
"2025-04-07T16:32:38.078Z","2024","Jessica Garcia","jessica.garcia868@hotmail.com","4505 Kester Mill Road","Car Kester Mill","-80.288157","36.144589","10"
"2025-04-07T16:32:38.079Z","2022","Patricia Jackson","patricia.jackson733@aol.com","507 Akron Drive","Car on Akron Dr","-80.243780","36.092979","5"
"2025-04-07T16:32:38.080Z","2025","Susan Miller","susan.miller758@hotmail.com","1490 S. Broad Street","Washington Park","-80.336859","36.087673","13"
"2025-04-07T16:32:38.081Z","2023","Nancy Harris","nancy.harris363@yahoo.com","1319 Calvert Drive","Car on Calvert Dr","-80.297711","36.090155","9"
"2025-04-07T16:32:38.082Z","2022","Sandra Johnson","sandra.johnson15@yahoo.com","937 West Street","Granville Park","-80.225475","36.149887","7"
"2025-04-07T16:32:38.082Z","2022","Jessica Smith","jessica.smith382@gmail.com","2202 Patterson Ave","abando off Glenn St","-80.242488","36.088510","7"
"2025-04-07T16:32:38.083Z","2024","William Harris","william.harris708@outlook.com","1111 Salem Valley Road","Salem Crossing","-80.263625","36.052579","14"
"2025-04-07T16:32:38.084Z","2022","Nancy Rodriguez","nancy.rodriguez853@aol.com","1420 W. 1st Street","Quiet Pint","-80.228778","36.127666","15"
"2025-04-07T16:32:38.085Z","2025","William Smith","william.smith364@hotmail.com","201 W. 5th Street","Bus Station","-80.282998","36.155429","12"
"2025-04-07T16:32:38.085Z","2022","Karen Garcia","karen.garcia24@gmail.com","1200 Trade Street","behind Salvation Army and the radio station","-80.206639","36.065843","5"
"2025-04-07T16:32:38.089Z","2020","Jessica White","jessica.white613@aol.com","2375 Brewer Road","Brewer Rd","-80.216017","36.118402","13"
"2025-04-07T16:32:38.091Z","2022","David Smith","david.smith453@outlook.com","513 Jonestown Road","Waffle House Jonestown","-80.205381","36.100386","18"
"2025-04-07T16:32:38.092Z","2024","Patricia Brown","patricia.brown305@aol.com","625 W. 6th Street","Tent behind Crystal Towers","-80.238150","36.076178","10"
"2025-04-07T16:32:38.092Z","2024","Elizabeth Jackson","elizabeth.jackson237@hotmail.com","625 W. 6th Street","Cherry St. behind Crystal Towers","-80.280076","36.122216","11"
"2025-04-07T16:32:38.093Z","2023","Susan White","susan.white696@hotmail.com","81 Becks Church Road","By tracks off Becks Church Rd","-80.333582","36.154621","8"
"2025-04-07T16:32:38.094Z","2021","David Thompson","david.thompson218@aol.com","900 3rd Street","3rd St by US 52","-80.291496","36.066711","7"
"2025-04-07T16:32:38.094Z","2023","Jessica Thompson","jessica.thompson726@yahoo.com","1400 S. Stratford Road","Stratford Rd near Healy Dr","-80.309784","36.131260","21"
"2025-04-07T16:32:38.095Z","2021","Sarah Williams","sarah.williams618@hotmail.com","3637 Patterson Ave","Patterson beside DMV","-80.226626","36.057794","25"
"2025-04-07T16:32:38.096Z","2024","David Jones","david.jones817@hotmail.com","702 N. Cherry Street","Day Care on Cherry St","-80.210524","36.108793","5"
"2025-04-07T16:32:38.097Z","2022","Jessica Anderson","jessica.anderson786@outlook.com","2551 Peter Creek Pkwy","Peters Creek","-80.336037","36.110381","6"
"2025-04-07T16:32:38.098Z","2021","Elizabeth Johnson","elizabeth.johnson619@yahoo.com","150 Marshall Street","Truist Building","-80.274805","36.062711","13"
"2025-04-07T16:32:38.099Z","2024","James Moore","james.moore290@outlook.com","201 W. 5th Street","Downtown area","-80.252440","36.075917","14"
"2025-04-07T16:32:38.099Z","2021","Elizabeth Rodriguez","elizabeth.rodriguez375@yahoo.com","320 E. Hanes Mill Road","Hanes Mill area","-80.192185","36.084651","5"
"2025-04-07T16:32:38.100Z","2021","Betty Johnson","betty.johnson602@aol.com","301 Cemetery Street","Cemetery St","-80.322620","36.136764","25"
"2025-04-07T16:32:38.101Z","2020","Mary Davis","mary.davis827@aol.com","445 Patterson Ave","Bailey Park","-80.287546","36.048763","16"
"2025-04-07T16:32:38.103Z","2022","Linda Miller","linda.miller895@outlook.com","4095 Liberty Street /650 4th Street","the parking decks downtown","-80.268513","36.114943","21"
"2025-04-07T16:32:38.103Z","2023","Patricia Anderson","patricia.anderson404@gmail.com","513 Jonestown Road","Waffle House Jonestown","-80.270945","36.051924","17"
"2025-04-07T16:32:38.104Z","2024","Michael Garcia","michael.garcia962@hotmail.com","3024 Konnoak Drive","Konnoak Dr @ Flow","-80.255737","36.144940","22"
"2025-04-07T16:32:38.104Z","2025","William White","william.white658@outlook.com","513 Jonestown Road","Jonestown","-80.284568","36.127410","25"
"2025-04-07T16:32:38.105Z","2022","Patricia Thompson","patricia.thompson633@yahoo.com","320 E. Hanes Mill Road","Hanes Mill area","-80.238645","36.078837","9"
"2025-04-07T16:32:38.106Z","2023","David Johnson","david.johnson951@aol.com","3197 Peters Creek pkwy","Peters Creek Pkwy","-80.265781","36.081561","8"
"2025-04-07T16:32:38.106Z","2022","Michael Thomas","michael.thomas656@outlook.com","320 E. Hanes Mill Road","Hanes Mill area","-80.287440","36.123414","7"
"2025-04-07T16:32:38.107Z","2022","Michael Davis","michael.davis871@hotmail.com","2604 Raleigh Ave","2604 Raleigh Ave (abando House)","-80.200911","36.159432","24"
"2025-04-07T16:32:38.108Z","2022","Sandra Anderson","sandra.anderson270@aol.com","702 N. Cherry Street","Cherry St","-80.320890","36.120762","7"
"2025-04-07T16:32:38.109Z","2025","Lisa Garcia","lisa.garcia940@gmail.com","1790 Quarry Road","Quarry Park / Salem Visitation Center","-80.324311","36.086388","4"
"2025-04-07T16:32:38.109Z","2022","Nancy Martin","nancy.martin511@hotmail.com","2300 Patterson Ave","Patterson and Glenn","-80.330275","36.040831","18"
"2025-04-07T16:32:38.110Z","2020","John Davis","john.davis58@outlook.com","2985 Failawn Drive","Van near Reynolda and Fairlawn","-80.268435","36.150903","15"
"2025-04-07T16:32:38.110Z","2025","Betty Wilson","betty.wilson241@outlook.com","201 N. 5th Street","Downtonw area","-80.320045","36.135852","3"
"2025-04-07T16:32:38.111Z","2020","Elizabeth Martinez","elizabeth.martinez679@hotmail.com","320 E. Hanes Mill Road","Hanes Mall area","-80.311182","36.086166","8"
"2025-04-07T16:32:38.111Z","2024","Michael Smith","michael.smith316@yahoo.com","2300 Patterson Ave","Patterson and Glenn","-80.320359","36.090100","3"
"2025-04-07T16:32:38.114Z","2025","Margaret Johnson","margaret.johnson127@yahoo.com","2300 Patterson Ave","Patterson and Glenn","-80.257648","36.069243","5"
"2025-04-07T16:32:38.114Z","2025","Lisa Smith","lisa.smith799@hotmail.com","1 Medical Center Blvd","Silas Crek @ I-40","-80.252173","36.112212","7"
"2025-04-07T16:32:38.115Z","2025","Nancy Moore","nancy.moore718@hotmail.com","320 E. Hanes Mill Road","Hanes Mill Area","-80.250247","36.089198","12"
"2025-04-07T16:32:38.115Z","2020","Jessica Davis","jessica.davis611@gmail.com","550 Martin Luther King Blvd","Car MLK area","-80.219933","36.101095","17"
"2025-04-07T16:32:38.116Z","2024","Robert Rodriguez","robert.rodriguez763@gmail.com","2527 Pittsburg Ave","Car on Pittsborough","-80.329165","36.147842","1"
"2025-04-07T16:32:38.116Z","2020","James Davis","james.davis125@aol.com","2300 Patterson Ave","Patterson and Glenn","-80.234300","36.130684","23"
"2025-04-07T16:32:38.117Z","2021","David Garcia","david.garcia766@aol.com","320 E. Hanes Mill Road","Hanes Mill Area","-80.326646","36.109333","17"
"2025-04-07T16:32:38.117Z","2023","John Thompson","john.thompson863@hotmail.com","3475 Parkway Village Ct.","Walmart Peters Creek","-80.229063","36.130094","12"
"2025-04-07T16:32:38.118Z","2021","Elizabeth Taylor","elizabeth.taylor745@aol.com","5034 Raven Road","Car at Sheetz","-80.191641","36.094479","7"
"2025-04-07T16:32:38.119Z","2020","Jennifer Williams","jennifer.williams553@hotmail.com","201 N. 5th Street","Downtown area","-80.339437","36.151017","25"
"2025-04-07T16:32:38.119Z","2020","Susan Jones","susan.jones913@outlook.com","4170 Patterson Ave","Patterson @ 52","-80.241569","36.099121","4"
"2025-04-07T16:32:38.120Z","2025","Susan Williams","susan.williams19@yahoo.com","3475 Parkway Village Ct.","Walmart Peters Creek","-80.337080","36.064815","19"
"2025-04-07T16:32:38.120Z","2025","John Anderson","john.anderson299@gmail.com","3011 Patteron Ave","Ivy/Patterson area","-80.271466","36.092825","23"
"2025-04-07T16:32:38.120Z","2021","Karen Smith","karen.smith312@yahoo.com","2008 Queen Street","Bennett Center","-80.217452","36.105288","1"
"2025-04-07T16:32:38.121Z","2021","David Davis","david.davis986@aol.com","900 3rd Street","3rd St by US 52","-80.215442","36.072007","21"
"2025-04-07T16:32:38.121Z","2023","Jennifer Johnson","jennifer.johnson450@yahoo.com","937 West Street","Granville Park","-80.243872","36.076801","21"
"2025-04-07T16:32:38.123Z","2024","Mary Harris","mary.harris414@aol.com","605 Effrid Street","Car on Effrid & 24th st","-80.318658","36.089662","21"
"2025-04-07T16:32:38.124Z","2022","Jennifer Johnson","jennifer.johnson291@outlook.com","2806 University Pkwy","Car on University","-80.300199","36.150189","6"
"2025-04-07T16:32:38.124Z","2024","Betty Williams","betty.williams67@hotmail.com","2800 Reynolda Road","Abando on Reynolda","-80.218422","36.110354","2"
"2025-04-07T16:32:38.125Z","2022","David White","david.white321@yahoo.com","2274 Winterberry Drive","Shed 2274 Winterberry Dr","-80.329190","36.071767","9"
"2025-04-07T16:32:38.125Z","2022","Susan Johnson","susan.johnson884@aol.com","4170 Patterson Ave","Patterson @ Germanton","-80.295180","36.137379","14"
"2025-04-07T16:32:38.126Z","2023","Michael Davis","michael.davis204@outlook.com","3775 Oxford Station Way","Hanes Mall Blvd by Conns","-80.302419","36.108233","5"
"2025-04-07T16:32:38.126Z","2021","Karen Garcia","karen.garcia397@outlook.com","2973 Fairlawn Drive","Farilawn - Silas Creek","-80.234957","36.083392","23"
"2025-04-07T16:32:38.127Z","2025","John Moore","john.moore51@outlook.com","701 N. Liberty Street","In her car various areas","-80.273835","36.088688","7"
"2025-04-07T16:32:38.130Z","2021","Patricia Miller","patricia.miller348@hotmail.com","320 E. Hanes Mill Road","Hanes Mill","-80.204953","36.072852","3"
"2025-04-07T16:32:38.130Z","2021","Patricia Miller","patricia.miller283@aol.com","3475 Pkwy Village Ct","Walmart Peters Creek","-80.197610","36.044957","16"
"2025-04-07T16:32:38.131Z","2020","Jessica Wilson","jessica.wilson37@gmail.com","625 W. 6th Street","Behind Crystal Towers","-80.298631","36.079139","11"
"2025-04-07T16:32:38.132Z","2021","Sarah Anderson","sarah.anderson790@aol.com","3475 Pkwy Village Ct","Walmart Peters Creek","-80.257369","36.139932","7"
"2025-04-07T16:32:38.132Z","2020","Susan Miller","susan.miller863@aol.com","3475 Pkwy Village Ct","Walmart Peters Creek","-80.256704","36.150361","25"
"2025-04-07T16:32:38.133Z","2024","Linda Miller","linda.miller307@outlook.com","2700 Peters Creek Pkwy","Brewer Rd behind BP","-80.200648","36.112231","20"
"2025-04-07T16:32:38.134Z","2021","Lisa Johnson","lisa.johnson93@gmail.com","3320 Silas Creek Pkwy","Park off Stratford","-80.213758","36.135725","1"
"2025-04-07T16:32:38.135Z","2022","Nancy Miller","nancy.miller979@aol.com","527 N. Cherry Street","Cherry St","-80.260088","36.072600","18"
"2025-04-07T16:32:38.135Z","2020","Karen Moore","karen.moore913@aol.com","201 N. 5th Street","WSTA","-80.273930","36.033873","21"
"2025-04-07T16:32:38.136Z","2021","Betty Jackson","betty.jackson202@yahoo.com","699 Research Pkwy","Bridge on 7th St","-80.294634","36.063339","6"
"2025-04-07T16:32:38.136Z","2024","Lisa Garcia","lisa.garcia841@aol.com","2147 Bethabara Road","Bethabra Park","-80.239647","36.142423","6"
"2025-04-07T16:32:38.137Z","2024","James Taylor","james.taylor95@outlook.com","2147 Bethabara Road","Bethabra Park","-80.219428","36.150201","17"
"2025-04-07T16:32:38.137Z","2024","Mary Anderson","mary.anderson265@gmail.com","639 S. Green Street","Green St Church","-80.222051","36.068664","18"
"2025-04-07T16:32:38.138Z","2021","Jessica Martin","jessica.martin989@hotmail.com","639 S. Green Street","Green St Church","-80.229879","36.048242","20"
"2025-04-07T16:32:38.138Z","2024","Patricia Moore","patricia.moore190@outlook.com","220 Sunshine Ave","Car on Sunshine Ave","-80.325850","36.038505","23"
"2025-04-07T16:32:38.139Z","2024","Elizabeth Martinez","elizabeth.martinez225@gmail.com","333 Silas Creek Pkwy","Car near Forstyh Hospital","-80.252176","36.097463","15"
"2025-04-07T16:32:38.140Z","2023","Patricia Johnson","patricia.johnson861@outlook.com","625 W. 6th Street","Behind Crystal Towers","-80.242577","36.067038","11"
"2025-04-07T16:32:38.140Z","2022","Patricia Johnson","patricia.johnson689@hotmail.com","600 Jonestown Road","Jonestown","-80.297138","36.115944","14"
"2025-04-07T16:32:38.141Z","2020","William White","william.white914@gmail.com","180 Harvey Street","Stratford Rd near Walmart","-80.284990","36.060471","7"
"2025-04-07T16:32:38.141Z","2024","Jessica Davis","jessica.davis641@yahoo.com","110 S. Cherry Street","Bus. 40 under Cherry","-80.236386","36.039601","19"
"2025-04-07T16:32:38.142Z","2022","Betty Garcia","betty.garcia61@gmail.com","201 N. 5th Street","WSTA","-80.217243","36.051162","13"
"2025-04-07T16:32:38.142Z","2025","Jessica Miller","jessica.miller129@yahoo.com","201 N. 5th Street","WSTA","-80.192789","36.062277","6"
"2025-04-07T16:32:38.142Z","2020","Jessica Anderson","jessica.anderson195@yahoo.com","201 N. 5th Street","Downtown","-80.330033","36.087616","24"
"2025-04-07T16:32:38.143Z","2022","Mary Davis","mary.davis919@outlook.com","937 West Street","Car near Granville Park","-80.318223","36.087491","19"
"2025-04-07T16:32:38.143Z","2023","Linda Williams","linda.williams393@gmail.com","201 N. 5th Street","Bus Station","-80.338606","36.096578","10"
"2025-04-07T16:32:38.144Z","2022","John Williams","john.williams394@hotmail.com","1490 S. Broad Street","Washington Park","-80.239547","36.079795","12"
"2025-04-07T16:32:38.144Z","2022","Patricia Moore","patricia.moore326@aol.com","745 Jonestown Road","Jonestown Rd / Hanes Mall Blvd","-80.330209","36.102988","2"
"2025-04-07T16:32:38.145Z","2022","Patricia Wilson","patricia.wilson46@yahoo.com","2220 Thomasville Road","Sprague and Waughtown St areas","-80.195978","36.106802","25"
"2025-04-07T16:32:38.145Z","2023","Elizabeth Thompson","elizabeth.thompson340@yahoo.com","2700 Peters Creek Pkwy","Brewer Road","-80.267536","36.085421","14"
"2025-04-07T16:32:38.146Z","2020","Jessica Anderson","jessica.anderson590@gmail.com","801 Martin luther King Blvd","Park near Sunrise","-80.223862","36.108703","11"
"2025-04-07T16:32:38.147Z","2024","Betty Moore","betty.moore25@outlook.com","201 N. 5th Street","Downtown area","-80.228477","36.148223","18"
"2025-04-07T16:32:38.147Z","2022","Susan Martin","susan.martin123@gmail.com","1475 New Walkertown Road","New Walkertown Rd & University in White Malibu","-80.241099","36.073749","22"
"2025-04-07T16:32:38.148Z","2025","Lisa Martinez","lisa.martinez324@aol.com","414 Northwest Blvd","Near Samaritan","-80.257068","36.073079","8"
"2025-04-07T16:32:38.148Z","2021","William Thompson","william.thompson342@yahoo.com","930 N. Patterson Ave","Abando off Patterson","-80.335036","36.114777","22"
"2025-04-07T16:32:38.148Z","2021","Nancy Thomas","nancy.thomas560@yahoo.com","1490 S. Broad Street","Washington Park","-80.258661","36.133803","15"
"2025-04-07T16:32:38.149Z","2025","Mary Jones","mary.jones771@aol.com","704 Oak Street","Rescue mission Oak st.","-80.312579","36.052384","21"
"2025-04-07T16:32:38.149Z","2021","Elizabeth Williams","elizabeth.williams781@yahoo.com","538 Akron Drive","Car on Akron Dr","-80.255288","36.061542","14"
"2025-04-07T16:32:38.149Z","2024","Betty Martinez","betty.martinez811@hotmail.com","2370 Brewer Street","Peters Creek Pkwy near Brewer","-80.299913","36.049177","1"
"2025-04-07T16:32:38.150Z","2022","Patricia White","patricia.white310@yahoo.com","538 Akron Drive","Car on Akron Dr","-80.261703","36.140095","19"
"2025-04-07T16:32:38.150Z","2021","William Garcia","william.garcia703@hotmail.com","2672 Peters Creek pkwy","Car at Planet Fitness","-80.229331","36.104582","6"
"2025-04-07T16:32:38.151Z","2023","Mary Jones","mary.jones505@gmail.com","3320 Silas Creek Pkwy","Hanes Mall","-80.225915","36.092316","13"
"2025-04-07T16:32:38.151Z","2023","Karen Thomas","karen.thomas458@outlook.com","2575 Parkway Drive","Parkway Broad St","-80.224983","36.158787","13"
"2025-04-07T16:32:38.152Z","2024","Michael Brown","michael.brown319@hotmail.com","1217 Salem Crossing Drive","Shed @ Salem Crossing","-80.212876","36.104927","11"
"2025-04-07T16:32:38.152Z","2020","Robert Miller","robert.miller752@gmail.com","502 N. Broad Street","His car in CwD lot","-80.201170","36.037310","19"
"2025-04-07T16:32:38.152Z","2022","James Johnson","james.johnson989@outlook.com","2575 Parkway Drive","Parkway Broad St","-80.242478","36.076018","2"
"2025-04-07T16:32:38.153Z","2022","Jennifer Anderson","jennifer.anderson461@outlook.com","2370 Brewer Street","Tent off Brewer","-80.265242","36.104845","22"
"2025-04-07T16:32:38.153Z","2023","Margaret Miller","margaret.miller389@gmail.com","301 s. Liberty Street","Liberty St","-80.209541","36.085748","9"
"2025-04-07T16:32:38.153Z","2024","Linda Taylor","linda.taylor400@outlook.com","2401 Ivy Street","Ivy St","-80.331293","36.042990","12"
"2025-04-07T16:32:38.154Z","2023","Michael Harris","michael.harris418@hotmail.com","3320 Silas Creek Pkwy","Hanes Mall","-80.256888","36.056071","12"
"2025-04-07T16:32:38.154Z","2022","Patricia Thompson","patricia.thompson283@yahoo.com","2835 Reynolda Road","Reynolda Rd near Harris Teeter","-80.273073","36.076201","8"
"2025-04-07T16:32:38.154Z","2024","James Moore","james.moore288@outlook.com","585 Northwest Blvd","University Pkwy near Bojangles","-80.230440","36.111132","11"
"2025-04-07T16:32:38.155Z","2025","Lisa Smith","lisa.smith590@hotmail.com","201 N. 5th Street","Bus Station","-80.310057","36.097349","6"
"2025-04-07T16:32:38.155Z","2020","Sarah Smith","sarah.smith965@gmail.com","320 E. Hanes Mill Road","Hanes Mill Area","-80.299907","36.142114","3"
"2025-04-07T16:32:38.156Z","2025","Sarah Smith","sarah.smith87@aol.com","3333  Silas Creek Pkwy","Car near Forstyh Hospital","-80.265745","36.055835","12"
"2025-04-07T16:32:38.156Z","2023","Margaret Harris","margaret.harris647@outlook.com","320 E. Hanes Mill Road","Hanes Mill Area","-80.294014","36.116963","4"
"2025-04-07T16:32:38.156Z","2021","Karen Thompson","karen.thompson296@aol.com","4170 Patterson Ave","Germanton Rd","-80.259758","36.060128","13"
"2025-04-07T16:32:38.156Z","2024","Nancy Brown","nancy.brown969@hotmail.com","3320 Silas Creek Pkwy","Hanes Mall","-80.292955","36.046392","3"
"2025-04-07T16:32:38.157Z","2024","Sandra Harris","sandra.harris438@yahoo.com","American Flag Storage""","""Reynolda Rd area","-80.328379","36.062455","6"
"2025-04-07T16:32:38.157Z","2021","Elizabeth Brown","elizabeth.brown458@hotmail.com","2401 Ivy Street","Ivy St","-80.301804","36.110481","23"
"2025-04-07T16:32:38.157Z","2022","David Anderson","david.anderson214@outlook.com","200 W. Hanes Mill Road","Hanes Mall behind Waffle House","-80.297669","36.098653","22"
"2025-04-07T16:32:38.158Z","2021","Karen Davis","karen.davis575@gmail.com","3320 Silas Creek Pkwy","Hanes Mall Blvd","-80.300023","36.154476","15"
"2025-04-07T16:32:38.158Z","2020","William Garcia","william.garcia645@yahoo.com","3320 Silas Creek Pkwy","Hanes Mall","-80.207342","36.040789","8"
"2025-04-07T16:32:38.158Z","2021","Sandra Johnson","sandra.johnson463@hotmail.com","2551 Peter Creek Pkwy","Peters Creek Pkwy","-80.250150","36.066404","19"
"2025-04-07T16:32:38.159Z","2022","Patricia Anderson","patricia.anderson136@yahoo.com","3937 Leo Street","Camper on Leo St","-80.266467","36.071597","11"
"2025-04-07T16:32:38.159Z","2020","Karen Thompson","karen.thompson383@gmail.com","625 W. 6th Street","Behind Crystal Towers","-80.240681","36.140936","22"
"2025-04-07T16:32:38.160Z","2022","John Miller","john.miller927@aol.com","200 25th Street","Van off 25th","-80.250105","36.106613","23"
"2025-04-07T16:32:38.161Z","2024","John Anderson","john.anderson816@gmail.com","2370 Brewer Street","Brewer Rd","-80.252294","36.159959","14"
"2025-04-07T16:32:38.161Z","2024","Michael Brown","michael.brown658@hotmail.com","414 Northwest Blvd","Behind Samaritan and Bojangles","-80.331394","36.081573","12"
"2025-04-07T16:32:38.161Z","2023","David Martin","david.martin635@gmail.com","414 Northwest Blvd","Behind Samaritan and Bojangles","-80.268517","36.102983","14"
"2025-04-07T16:32:38.162Z","2020","Patricia Thomas","patricia.thomas669@yahoo.com","5671 Racin Drive","Car on Racin Dr","-80.328727","36.044588","16"
"2025-04-07T16:32:38.162Z","2020","Mary Jackson","mary.jackson81@aol.com","201 N. 5th Street","Downtown area","-80.237239","36.048942","17"
"2025-04-07T16:32:38.163Z","2024","Robert Brown","robert.brown757@yahoo.com","1207 W. Clemmonsville Road","Under bridge at Clemmonsville","-80.308520","36.152485","10"
"2025-04-07T16:32:38.163Z","2023","Susan Davis","susan.davis9@gmail.com","284 Summit Square Blvd","Car in Sams Club lot off University","-80.286352","36.043156","20"
"2025-04-07T16:32:38.163Z","2025","David Taylor","david.taylor630@hotmail.com","2401 Ivy Street","Ivy St","-80.280901","36.126389","21"
"2025-04-07T16:32:38.164Z","2023","Jennifer Wilson","jennifer.wilson912@outlook.com","585 Northwest Blvd","Behind Samaritan and Bojangles","-80.234189","36.127450","18"
"2025-04-07T16:32:38.164Z","2023","Betty Smith","betty.smith20@yahoo.com","1207 W. Clemmonsville Road","Under bridge at Clemmonsville","-80.241220","36.086468","6"
"2025-04-07T16:32:38.164Z","2021","Jessica Thomas","jessica.thomas23@hotmail.com","1207 W. Clemmonsville Road","Clemmonsville Jail on 9/23 court date 10/23","-80.198628","36.069625","15"
"2025-04-07T16:32:38.164Z","2022","Lisa Davis","lisa.davis699@outlook.com","325 Carolyn Drive","Car on Carolyn Dr","-80.318095","36.084914","21"
"2025-04-07T16:32:38.165Z","2021","Karen Jones","karen.jones349@hotmail.com","1490 S. Broad Street","Washington Park","-80.308272","36.136448","12"
"2025-04-07T16:32:38.165Z","2022","Jennifer Jackson","jennifer.jackson102@hotmail.com","745 Jonestown Road","Van near McKays","-80.275008","36.113961","24"
"2025-04-07T16:32:38.165Z","2023","John Miller","john.miller663@outlook.com","284 Summit Square Blvd","Car in Sams Club lot off University","-80.265070","36.032427","25"
"2025-04-07T16:32:38.165Z","2025","James Brown","james.brown107@aol.com","320 E. Hanes Mill Road","Hanes Mill","-80.254429","36.042736","5"
"2025-04-07T16:32:38.165Z","2025","Susan Jones","susan.jones105@aol.com","201 N. 5th Street","Peters Creek / Silas Creek","-80.269367","36.090715","9"
"2025-04-07T16:32:38.166Z","2020","Sandra Smith","sandra.smith808@hotmail.com","745 Jonestown Road","Van near McKays","-80.245068","36.115399","6"
"2025-04-07T16:32:38.166Z","2025","David Jackson","david.jackson896@aol.com","2901 Waughtown Street","Waughtown St behind Speedway","-80.323100","36.043743","3"
"2025-04-07T16:32:38.166Z","2021","Patricia Wilson","patricia.wilson808@gmail.com","4505 Kester Mill Road","Kester Mill Rd","-80.320154","36.152749","6"
"2025-04-07T16:32:38.166Z","2023","James Smith","james.smith646@yahoo.com","3179 Peters Creek Pkwy","Various Places around town","-80.298491","36.059328","3"
"2025-04-07T16:32:38.167Z","2020","David Thompson","david.thompson37@outlook.com","745 Jonestown Road","Van near McKays","-80.326678","36.157528","12"
"2025-04-07T16:32:38.167Z","2022","Karen Martinez","karen.martinez828@hotmail.com","""840 S. Main Street","Kernersville","-80.328574","36.123175","16"
"2025-04-07T16:32:38.167Z","2024","Betty Wilson","betty.wilson267@aol.com","320 E. Hanes Mill Road","Hanes Mill area","-80.280558","36.065496","2"
"2025-04-07T16:32:38.167Z","2022","John Harris","john.harris964@yahoo.com","2338 N. Liberty Street","52 & Liberty","-80.214040","36.043315","12"
"2025-04-07T16:32:38.167Z","2024","Susan Martinez","susan.martinez5@yahoo.com","3475 PKWY Village Ct.","Car Walmart Peters Creek","-80.218573","36.105999","5"
"2025-04-07T16:32:38.168Z","2022","Jennifer Anderson","jennifer.anderson194@gmail.com","3475 PKWY Village Ct.","Kester Mill Rd. / Peters Creek Pkwy","-80.214674","36.059777","10"
"2025-04-07T16:32:38.168Z","2021","John Martin","john.martin360@hotmail.com","320 E. Hanes Mill Road","Hanes Mill Area","-80.289437","36.137716","1"
"2025-04-07T16:32:38.168Z","2023","James Wilson","james.wilson298@gmail.com","3475 PKWY Village Ct.","Kester Mill Rd. / Peters Creek Pkwy","-80.192247","36.128085","8"
"2025-04-07T16:32:38.169Z","2021","Mary Jones","mary.jones13@yahoo.com","3475 PKWY Village Ct.","Kester Mill Rd. / Peters Creek Pkwy","-80.313389","36.040067","2"
"2025-04-07T16:32:38.169Z","2025","Nancy Harris","nancy.harris84@outlook.com","1040 Hanes mall Blvd","Hanes Mall","-80.250561","36.136080","20"
"2025-04-07T16:32:38.169Z","2020","Susan Rodriguez","susan.rodriguez66@hotmail.com","201 N. 5th Street","Downtown","-80.248217","36.152044","11"
"2025-04-07T16:32:38.169Z","2025","Karen Moore","karen.moore336@aol.com","201 N. 5th Street","Downtown","-80.269181","36.097426","24"
"2025-04-07T16:32:38.170Z","2020","Mary Martin","mary.martin148@aol.com","3072 Trenwest Street","Trenwest Drive off Stratford Rd","-80.330582","36.050626","23"
"2025-04-07T16:32:38.170Z","2023","Linda Thompson","linda.thompson262@hotmail.com","745 Jonestown Road","Jonestown","-80.280572","36.107219","21"
"2025-04-07T16:32:38.170Z","2024","Linda Moore","linda.moore950@gmail.com","960 W. Clemmonsville Road","Brewer Rd / Clemmonsville Rd","-80.319684","36.151370","22"
"2025-04-07T16:32:38.170Z","2025","Robert Moore","robert.moore465@aol.com","320 E. Hanes Mill Road","Hanes Mill Area","-80.291292","36.031888","5"
"2025-04-07T16:32:38.171Z","2024","William Johnson","william.johnson698@hotmail.com","4927 Romara Drive","Romaro Drive","-80.190243","36.063721","1"